<?xml version="1.0" encoding="UTF-8"?>
<!DOCTYPE mapper
        PUBLIC "-//mybatis.org//DTD Mapper 3.0//EN"
        "http://mybatis.org/dtd/mybatis-3-mapper.dtd">
<mapper namespace="com.qunar.mybatis.spring.dao.StudentDao">
    <resultMap type="Student" id="resultStudentMap">
        <result property="studentId" column="student_id"/>
        <result property="name" column="name"/>
        <collection property="appointments" ofType="com.qunar.mybatis.spring.entity.Appointment" column="student_id">
            <result property="bookId" column="book_id"/>
            <result property="studentId" column="student_id"/>
            <result property="appointTime" column="appoint_time"/>
        </collection>
    </resultMap>


    <select id="queryById" resultMap="resultStudentMap" parameterType="long">
        SELECT
        a.*,b.*
        FROM
        student a
        LEFT JOIN appointment b ON a.student_id = b.student_id
        WHERE
        a.student_id = #{student_id}
    </select>
</mapper>